Id,AccountName,ContractName,Status,Type,Size,Side,CreatedAt,TradeDay,FilledAt,CancelledAt,TriggeredAt,StopPrice,LimitPrice,ExecutePrice,TriggeredPrice,PositionDisposition,CreationDisposition,RejectionReason,ExchangeOrderId,PlatformOrderId
3521100034,TSX50K-3,MNQU6,Filled,Market,1,Bid,09/14/2026 09:52:49 -04:00,09/14/2026 00:00:00 -05:00,09/14/2026 09:52:49 -04:00,,,,,29140.000000000,,Opening,Trader,,,
3521100035,TSX50K-3,MNQU6,Cancelled,Stop,1,Ask,09/14/2026 09:52:49 -04:00,09/14/2026 00:00:00 -05:00,,09/14/2026 10:07:12 -04:00,,29100.000000000,,,,Undetermined,StopLoss,Cancelled by system,,
3521100036,TSX50K-3,MNQU6,Cancelled,Limit,1,Ask,09/14/2026 09:52:49 -04:00,09/14/2026 00:00:00 -05:00,,09/14/2026 10:07:12 -04:00,,,29220.000000000,,,Undetermined,TakeProfit,Cancelled by system,,
3521100037,TSX50K-3,MNQU6,Filled,Market,1,Ask,09/14/2026 10:07:12 -04:00,09/14/2026 00:00:00 -05:00,09/14/2026 10:07:12 -04:00,,,,,29165.000000000,,Closing,Trader,,,
3521100030,TSX50K-3,MNQU6,Filled,Market,1,Ask,09/13/2026 18:20:14 -04:00,09/14/2026 00:00:00 -05:00,09/13/2026 18:20:14 -04:00,,,,,29190.000000000,,Opening,Trader,,,
3521100031,TSX50K-3,MNQU6,Cancelled,Stop,1,Bid,09/13/2026 18:20:14 -04:00,09/14/2026 00:00:00 -05:00,,09/13/2026 18:45:36 -04:00,,29230.000000000,,,,Undetermined,StopLoss,Cancelled by system,,
3521100032,TSX50K-3,MNQU6,Cancelled,Limit,1,Bid,09/13/2026 18:20:14 -04:00,09/14/2026 00:00:00 -05:00,,09/13/2026 18:45:36 -04:00,,,29110.000000000,,,Undetermined,TakeProfit,Cancelled by system,,
3521100033,TSX50K-3,MNQU6,Filled,Market,1,Bid,09/13/2026 18:45:36 -04:00,09/14/2026 00:00:00 -05:00,09/13/2026 18:45:36 -04:00,,,,,29150.000000000,,Closing,Trader,,,
3521100026,TSX50K-3,MNQU6,Filled,Market,3,Ask,09/11/2026 09:33:08 -04:00,09/11/2026 00:00:00 -05:00,09/11/2026 09:33:08 -04:00,,,,,29210.000000000,,Opening,Trader,,,
3521100027,TSX50K-3,MNQU6,Cancelled,Stop,3,Bid,09/11/2026 09:33:08 -04:00,09/11/2026 00:00:00 -05:00,,09/11/2026 09:38:26 -04:00,,29250.000000000,,,,Undetermined,StopLoss,Cancelled by system,,
3521100028,TSX50K-3,MNQU6,Cancelled,Limit,3,Bid,09/11/2026 09:33:08 -04:00,09/11/2026 00:00:00 -05:00,,09/11/2026 09:38:26 -04:00,,,29130.000000000,,,Undetermined,TakeProfit,Cancelled by system,,
3521100029,TSX50K-3,MNQU6,Filled,Market,3,Bid,09/11/2026 09:38:26 -04:00,09/11/2026 00:00:00 -05:00,09/11/2026 09:38:26 -04:00,,,,,29230.000000000,,Closing,Trader,,,
3521100022,TSX50K-3,MNQU6,Filled,Market,1,Bid,09/10/2026 09:39:57 -04:00,09/10/2026 00:00:00 -05:00,09/10/2026 09:39:57 -04:00,,,,,29060.000000000,,Opening,Trader,,,
3521100023,TSX50K-3,MNQU6,Cancelled,Stop,1,Ask,09/10/2026 09:39:57 -04:00,09/10/2026 00:00:00 -05:00,,09/10/2026 09:46:31 -04:00,,29020.000000000,,,,Undetermined,StopLoss,Cancelled by system,,
3521100024,TSX50K-3,MNQU6,Cancelled,Limit,1,Ask,09/10/2026 09:39:57 -04:00,09/10/2026 00:00:00 -05:00,,09/10/2026 09:46:31 -04:00,,,29140.000000000,,,Undetermined,TakeProfit,Cancelled by system,,
3521100025,TSX50K-3,MNQU6,Filled,Market,1,Ask,09/10/2026 09:46:31 -04:00,09/10/2026 00:00:00 -05:00,09/10/2026 09:46:31 -04:00,,,,,29070.250000000,,Closing,Trader,,,
3521100018,TSX50K-3,MNQU6,Filled,Market,2,Ask,09/09/2026 10:21:15 -04:00,09/09/2026 00:00:00 -05:00,09/09/2026 10:21:15 -04:00,,,,,29100.000000000,,Opening,Trader,,,
3521100019,TSX50K-3,MNQU6,Cancelled,Stop,2,Bid,09/09/2026 10:21:15 -04:00,09/09/2026 00:00:00 -05:00,,09/09/2026 10:40:44 -04:00,,29140.000000000,,,,Undetermined,StopLoss,Cancelled by system,,
3521100020,TSX50K-3,MNQU6,Cancelled,Limit,2,Bid,09/09/2026 10:21:15 -04:00,09/09/2026 00:00:00 -05:00,,09/09/2026 10:40:44 -04:00,,,29020.000000000,,,Undetermined,TakeProfit,Cancelled by system,,
3521100021,TSX50K-3,MNQU6,Filled,Market,2,Bid,09/09/2026 10:40:44 -04:00,09/09/2026 00:00:00 -05:00,09/09/2026 10:40:44 -04:00,,,,,29062.500000000,,Closing,Trader,,,
3521100014,TSX50K-3,MNQU6,Filled,Market,1,Bid,09/08/2026 09:48:33 -04:00,09/08/2026 00:00:00 -05:00,09/08/2026 09:48:33 -04:00,,,,,29010.000000000,,Opening,Trader,,,
3521100015,TSX50K-3,MNQU6,Cancelled,Stop,1,Ask,09/08/2026 09:48:33 -04:00,09/08/2026 00:00:00 -05:00,,09/08/2026 09:51:02 -04:00,,28970.000000000,,,,Undetermined,StopLoss,Cancelled by system,,
3521100016,TSX50K-3,MNQU6,Cancelled,Limit,1,Ask,09/08/2026 09:48:33 -04:00,09/08/2026 00:00:00 -05:00,,09/08/2026 09:51:02 -04:00,,,29090.000000000,,,Undetermined,TakeProfit,Cancelled by system,,
3521100017,TSX50K-3,MNQU6,Filled,Market,1,Ask,09/08/2026 09:51:02 -04:00,09/08/2026 00:00:00 -05:00,09/08/2026 09:51:02 -04:00,,,,,28960.000000000,,Closing,Trader,,,
3521100009,TSX50K-3,MNQU6,Filled,Market,2,Bid,09/03/2026 09:36:22 -04:00,09/03/2026 00:00:00 -05:00,09/03/2026 09:36:22 -04:00,,,,,28870.000000000,,Opening,Trader,,,
3521100010,TSX50K-3,MNQU6,Cancelled,Stop,2,Ask,09/03/2026 09:36:22 -04:00,09/03/2026 00:00:00 -05:00,,09/03/2026 09:53:40 -04:00,,28830.000000000,,,,Undetermined,StopLoss,Cancelled by system,,
3521100011,TSX50K-3,MNQU6,Cancelled,Limit,2,Ask,09/03/2026 09:36:22 -04:00,09/03/2026 00:00:00 -05:00,,09/03/2026 09:53:40 -04:00,,,28950.000000000,,,Undetermined,TakeProfit,Cancelled by system,,
3521100012,TSX50K-3,MNQU6,Filled,Market,1,Ask,09/03/2026 09:41:05 -04:00,09/03/2026 00:00:00 -05:00,09/03/2026 09:41:05 -04:00,,,,,28900.000000000,,Closing,Trader,,,
3521100013,TSX50K-3,MNQU6,Filled,Market,1,Ask,09/03/2026 09:53:40 -04:00,09/03/2026 00:00:00 -05:00,09/03/2026 09:53:40 -04:00,,,,,28920.000000000,,Closing,Trader,,,
3521100005,TSX50K-3,MNQU6,Filled,Market,1,Ask,09/02/2026 10:04:51 -04:00,09/02/2026 00:00:00 -05:00,09/02/2026 10:04:51 -04:00,,,,,28960.000000000,,Opening,Trader,,,
3521100006,TSX50K-3,MNQU6,Cancelled,Stop,1,Bid,09/02/2026 10:04:51 -04:00,09/02/2026 00:00:00 -05:00,,09/02/2026 10:09:18 -04:00,,29000.000000000,,,,Undetermined,StopLoss,Cancelled by system,,
3521100007,TSX50K-3,MNQU6,Cancelled,Limit,1,Bid,09/02/2026 10:04:51 -04:00,09/02/2026 00:00:00 -05:00,,09/02/2026 10:09:18 -04:00,,,28880.000000000,,,Undetermined,TakeProfit,Cancelled by system,,
3521100008,TSX50K-3,MNQU6,Filled,Market,1,Bid,09/02/2026 10:09:18 -04:00,09/02/2026 00:00:00 -05:00,09/02/2026 10:09:18 -04:00,,,,,28985.000000000,,Closing,Trader,,,
3521100001,TSX50K-3,MNQU6,Filled,Market,2,Bid,09/01/2026 09:42:10 -04:00,09/01/2026 00:00:00 -05:00,09/01/2026 09:42:10 -04:00,,,,,28905.000000000,,Opening,Trader,,,
3521100002,TSX50K-3,MNQU6,Cancelled,Stop,2,Ask,09/01/2026 09:42:10 -04:00,09/01/2026 00:00:00 -05:00,,09/01/2026 09:55:37 -04:00,,28865.000000000,,,,Undetermined,StopLoss,Cancelled by system,,
3521100003,TSX50K-3,MNQU6,Cancelled,Limit,2,Ask,09/01/2026 09:42:10 -04:00,09/01/2026 00:00:00 -05:00,,09/01/2026 09:55:37 -04:00,,,28985.000000000,,,Undetermined,TakeProfit,Cancelled by system,,
3521100004,TSX50K-3,MNQU6,Filled,Market,2,Ask,09/01/2026 09:55:37 -04:00,09/01/2026 00:00:00 -05:00,09/01/2026 09:55:37 -04:00,,,,,28925.500000000,,Closing,Trader,,,
