Id,ContractName,EnteredAt,ExitedAt,EntryPrice,ExitPrice,Fees,PnL,Size,Type,TradeDay,TradeDuration,Commissions
3094400001,MNQU6,09/01/2026 09:42:10 -04:00,09/01/2026 09:55:37 -04:00,28905.000000000,28925.500000000,1.44000,82.000000000,2,Long,09/01/2026 00:00:00 -05:00,00:13:27.7634567,1.00000
3094400002,MNQU6,09/02/2026 10:04:51 -04:00,09/02/2026 10:09:18 -04:00,28960.000000000,28985.000000000,0.72000,-50.000000000,1,Short,09/02/2026 00:00:00 -05:00,00:04:27.7634568,0.50000
3094400003,MNQU6,09/03/2026 09:36:22 -04:00,09/03/2026 09:41:05 -04:00,28870.000000000,28900.000000000,0.72000,60.000000000,1,Long,09/03/2026 00:00:00 -05:00,00:04:43.7634569,0.50000
3094400004,MNQU6,09/03/2026 09:36:22 -04:00,09/03/2026 09:53:40 -04:00,28870.000000000,28920.000000000,0.72000,100.000000000,1,Long,09/03/2026 00:00:00 -05:00,00:17:18.7634570,0.50000
3094400005,MNQU6,09/08/2026 09:48:33 -04:00,09/08/2026 09:51:02 -04:00,29010.000000000,28960.000000000,0.72000,-100.000000000,1,Long,09/08/2026 00:00:00 -05:00,00:02:29.7634571,0.50000
3094400006,MNQU6,09/09/2026 10:21:15 -04:00,09/09/2026 10:40:44 -04:00,29100.000000000,29062.500000000,1.44000,150.000000000,2,Short,09/09/2026 00:00:00 -05:00,00:19:29.7634572,1.00000
3094400007,MNQU6,09/10/2026 09:39:57 -04:00,09/10/2026 09:46:31 -04:00,29060.000000000,29070.250000000,0.72000,20.500000000,1,Long,09/10/2026 00:00:00 -05:00,00:06:34.7634573,0.50000
3094400008,MNQU6,09/11/2026 09:33:08 -04:00,09/11/2026 09:38:26 -04:00,29210.000000000,29230.000000000,2.16000,-120.000000000,3,Short,09/11/2026 00:00:00 -05:00,00:05:18.7634574,1.50000
3094400009,MNQU6,09/13/2026 18:20:14 -04:00,09/13/2026 18:45:36 -04:00,29190.000000000,29150.000000000,0.72000,80.000000000,1,Short,09/14/2026 00:00:00 -05:00,00:25:22.7634575,0.50000
3094400010,MNQU6,09/14/2026 09:52:49 -04:00,09/14/2026 10:07:12 -04:00,29140.000000000,29165.000000000,0.72000,50.000000000,1,Long,09/14/2026 00:00:00 -05:00,00:14:23.7634576,0.50000
