Account ID,Account Name,Trade Date,Total Amount,Total Realized PNL
3100441,TPT50K-1,2026-08-31,"50,000.00",0.00
3100441,TPT50K-1,2026-09-01,"50,198.00",198.00
3100441,TPT50K-1,2026-09-02,"50,100.00",-98.00
3100441,TPT50K-1,2026-09-03,"50,298.00",198.00
3100441,TPT50K-1,2026-09-04,"50,316.00",18.00
3100441,TPT50K-1,2026-09-08,"50,429.25",113.25
3100441,TPT50K-1,2026-09-09,"50,308.25",-121.00
3100441,TPT50K-1,2026-09-10,"50,545.25",237.00
3100441,TPT50K-1,2026-09-11,"50,572.25",27.00
3100441,TPT50K-1,2026-09-14,"50,595.25",23.00
3100441,TPT50K-1,2026-09-15,"50,719.25",124.00
3100587,MFFU50K-2,2026-08-31,"50,000.00",0.00
3100587,MFFU50K-2,2026-09-02,"50,123.40",123.40
3100587,MFFU50K-2,2026-09-03,"49,961.40",-162.00
3100587,MFFU50K-2,2026-09-04,"50,157.90",196.50
3100587,MFFU50K-2,2026-09-08,"50,034.70",-123.20
3100587,MFFU50K-2,2026-09-09,"50,212.70",178.00
3100587,MFFU50K-2,2026-09-10,"52,605.70","2,393.00"
3100587,MFFU50K-2,2026-09-11,"52,653.10",47.40
3100587,MFFU50K-2,2026-09-14,"52,499.60",-153.50
3100587,MFFU50K-2,2026-09-15,"52,628.60",129.00
