Account,Transaction ID,Timestamp,Date,Delta,Amount,Cash Change Type,Currency,Contract
MFFU50K-2,612050100508,09/02/2026 08:31:40,2026-09-02,-0.80,"49,999.20", Commission,USD,MGCZ6
MFFU50K-2,612050100521,09/02/2026 08:55:12,2026-09-02,-0.80,"49,998.40", Commission,USD,MGCZ6
MFFU50K-2,612050100522,09/02/2026 08:55:12,2026-09-02,125.00,"50,123.40", Trade Paired,USD,MGCZ6
MFFU50K-2,612050100538,09/03/2026 09:40:21,2026-09-03,-1.00,"50,122.40", Commission,USD,MNQU6
MFFU50K-2,612050100550,09/03/2026 09:46:58,2026-09-03,-1.00,"50,121.40", Commission,USD,MNQU6
MFFU50K-2,612050100551,09/03/2026 09:46:58,2026-09-03,-160.00,"49,961.40", Trade Paired,USD,MNQU6
MFFU50K-2,612050100563,09/04/2026 10:02:33,2026-09-04,-1.75,"49,959.65", Commission,USD,ESU6
MFFU50K-2,612050100580,09/04/2026 10:30:09,2026-09-04,-1.75,"49,957.90", Commission,USD,ESU6
MFFU50K-2,612050100581,09/04/2026 10:30:09,2026-09-04,200.00,"50,157.90", Trade Paired,USD,ESU6
MFFU50K-2,612050100592,09/08/2026 08:44:17,2026-09-08,-1.60,"50,156.30", Commission,USD,MGCZ6
MFFU50K-2,612050100605,09/08/2026 09:03:52,2026-09-08,-1.60,"50,154.70", Commission,USD,MGCZ6
MFFU50K-2,612050100606,09/08/2026 09:03:52,2026-09-08,-120.00,"50,034.70", Trade Paired,USD,MGCZ6
MFFU50K-2,612050100622,09/09/2026 09:35:48,2026-09-09,-1.00,"50,033.70", Commission,USD,MNQU6
MFFU50K-2,612050100634,09/09/2026 09:57:26,2026-09-09,-1.00,"50,032.70", Commission,USD,MNQU6
MFFU50K-2,612050100635,09/09/2026 09:57:26,2026-09-09,180.00,"50,212.70", Trade Paired,USD,MNQU6
MFFU50K-2,612050100647,09/10/2026 09:31:05,2026-09-10,-3.50,"50,209.20", Commission,USD,ESU6
MFFU50K-2,612050100664,09/10/2026 11:48:37,2026-09-10,-3.50,"50,205.70", Commission,USD,ESU6
MFFU50K-2,612050100665,09/10/2026 11:48:37,2026-09-10,"2,400.00","52,605.70", Trade Paired,USD,ESU6
MFFU50K-2,612050100676,09/11/2026 08:36:02,2026-09-11,-0.80,"52,604.90", Commission,USD,MGCZ6
MFFU50K-2,612050100689,09/11/2026 08:41:19,2026-09-11,-0.80,"52,604.10", Commission,USD,MGCZ6
MFFU50K-2,612050100690,09/11/2026 08:41:19,2026-09-11,-50.00,"52,554.10", Trade Paired,USD,MGCZ6
MFFU50K-2,612050100706,09/11/2026 10:12:44,2026-09-11,-0.50,"52,553.60", Commission,USD,MNQU6
MFFU50K-2,612050100718,09/11/2026 10:29:31,2026-09-11,-0.50,"52,553.10", Commission,USD,MNQU6
MFFU50K-2,612050100719,09/11/2026 10:29:31,2026-09-11,100.00,"52,653.10", Trade Paired,USD,MNQU6
MFFU50K-2,612050100731,09/14/2026 09:34:12,2026-09-14,-1.75,"52,651.35", Commission,USD,ESU6
MFFU50K-2,612050100748,09/14/2026 09:41:50,2026-09-14,-1.75,"52,649.60", Commission,USD,ESU6
MFFU50K-2,612050100749,09/14/2026 09:41:50,2026-09-14,-150.00,"52,499.60", Trade Paired,USD,ESU6
MFFU50K-2,612050100760,09/15/2026 09:47:03,2026-09-15,-0.50,"52,499.10", Commission,USD,MNQU6
MFFU50K-2,612050100773,09/15/2026 10:06:29,2026-09-15,-0.50,"52,498.60", Commission,USD,MNQU6
MFFU50K-2,612050100774,09/15/2026 10:06:29,2026-09-15,130.00,"52,628.60", Trade Paired,USD,MNQU6
MFFU50K-2,612050109999,09/16/2026 10:05:00,2026-09-16,"-1,000.00","51,628.60", Withdrawal,USD,
