_id,_orderId,_contractId,_timestamp,_tradeDate,_action,_qty,_price,_active,_accountId,Fill ID,Order ID,Timestamp,Date,Account,B/S,Quantity,Price,_priceFormat,_priceFormatType,_tickSize,Contract,Product,Product Description,commission
612050100117,612050100108,4399654,2026-09-01 13:35:12.540Z,2026-09-01,0,2,28900.0,true,3100441,612050100117,612050100108,09/01/2026 09:35:12,9/1/26,TPT50K-1, Buy,2,28900.00,-2,0,0.25,MNQU6,MNQ,Micro E-mini NASDAQ-100,1.0
612050100129,612050100121,4399654,2026-09-01 13:52:40.191Z,2026-09-01,1,2,28950.0,true,3100441,612050100129,612050100121,09/01/2026 09:52:40,9/1/26,TPT50K-1, Sell,2,28950.00,-2,0,0.25,MNQU6,MNQ,Micro E-mini NASDAQ-100,1.0
612050100142,612050100138,4399654,2026-09-02 13:41:05.278Z,2026-09-02,1,1,28980.0,true,3100441,612050100142,612050100138,09/02/2026 09:41:05,9/2/26,TPT50K-1, Sell,1,28980.00,-2,0,0.25,MNQU6,MNQ,Micro E-mini NASDAQ-100,0.5
612050100159,612050100150,4399654,2026-09-02 13:47:31.497Z,2026-09-02,0,1,29010.0,true,3100441,612050100159,612050100150,09/02/2026 09:47:31,9/2/26,TPT50K-1, Buy,1,29010.00,-2,0,0.25,MNQU6,MNQ,Micro E-mini NASDAQ-100,0.5
612050100171,612050100163,4399610,2026-09-02 14:15:22.600Z,2026-09-02,0,2,7450.0,true,3100441,612050100171,612050100163,09/02/2026 10:15:22,9/2/26,TPT50K-1, Buy,2,7450.00,-2,0,0.25,MESU6,MES,Micro E-mini S&P 500,1.0
612050100184,612050100180,4399610,2026-09-02 14:31:09.411Z,2026-09-02,1,2,7446.5,true,3100441,612050100184,612050100180,09/02/2026 10:31:09,9/2/26,TPT50K-1, Sell,2,7446.50,-2,0,0.25,MESU6,MES,Micro E-mini S&P 500,1.0
612050100201,612050100192,4399654,2026-09-03 13:38:44.418Z,2026-09-03,0,2,28850.25,true,3100441,612050100201,612050100192,09/03/2026 09:38:44,9/3/26,TPT50K-1, Buy,2,28850.25,-2,0,0.25,MNQU6,MNQ,Micro E-mini NASDAQ-100,1.0
612050100213,612050100205,4399654,2026-09-03 13:44:02.677Z,2026-09-03,1,1,28890.25,true,3100441,612050100213,612050100205,09/03/2026 09:44:02,9/3/26,TPT50K-1, Sell,1,28890.25,-2,0,0.25,MNQU6,MNQ,Micro E-mini NASDAQ-100,0.5
612050100226,612050100222,4399654,2026-09-03 14:02:17.260Z,2026-09-03,1,1,28910.25,true,3100441,612050100226,612050100222,09/03/2026 10:02:17,9/3/26,TPT50K-1, Sell,1,28910.25,-2,0,0.25,MNQU6,MNQ,Micro E-mini NASDAQ-100,0.5
612050100243,612050100234,4399654,2026-09-04 13:33:10.831Z,2026-09-04,0,1,29000.0,true,3100441,612050100243,612050100234,09/04/2026 09:33:10,9/4/26,TPT50K-1, Buy,1,29000.00,-2,0,0.25,MNQU6,MNQ,Micro E-mini NASDAQ-100,0.5
612050100255,612050100247,4399654,2026-09-04 13:40:55.958Z,2026-09-04,1,2,28975.0,true,3100441,612050100255,612050100247,09/04/2026 09:40:55,9/4/26,TPT50K-1, Sell,2,28975.00,-2,0,0.25,MNQU6,MNQ,Micro E-mini NASDAQ-100,1.0
612050100268,612050100264,4399654,2026-09-04 13:58:30.657Z,2026-09-04,0,1,28940.0,true,3100441,612050100268,612050100264,09/04/2026 09:58:30,9/4/26,TPT50K-1, Buy,1,28940.00,-2,0,0.25,MNQU6,MNQ,Micro E-mini NASDAQ-100,0.5
612050100285,612050100276,4399610,2026-09-08 13:45:00.520Z,2026-09-08,1,3,7480.0,true,3100441,612050100285,612050100276,09/08/2026 09:45:00,9/8/26,TPT50K-1, Sell,3,7480.00,-2,0,0.25,MESU6,MES,Micro E-mini S&P 500,1.5
612050100297,612050100289,4399610,2026-09-08 14:20:48.451Z,2026-09-08,0,3,7472.25,true,3100441,612050100297,612050100289,09/08/2026 10:20:48,9/8/26,TPT50K-1, Buy,3,7472.25,-2,0,0.25,MESU6,MES,Micro E-mini S&P 500,1.5
612050100310,612050100306,4399654,2026-09-09 13:36:27.898Z,2026-09-09,0,1,29100.0,true,3100441,612050100310,612050100306,09/09/2026 09:36:27,9/9/26,TPT50K-1, Buy,1,29100.00,-2,0,0.25,MNQU6,MNQ,Micro E-mini NASDAQ-100,0.5
612050100327,612050100318,4399654,2026-09-09 13:39:03.437Z,2026-09-09,1,1,29040.0,true,3100441,612050100327,612050100318,09/09/2026 09:39:03,9/9/26,TPT50K-1, Sell,1,29040.00,-2,0,0.25,MNQU6,MNQ,Micro E-mini NASDAQ-100,0.5
612050100339,612050100331,4399654,2026-09-10 13:50:14.380Z,2026-09-10,0,3,29050.0,true,3100441,612050100339,612050100331,09/10/2026 09:50:14,9/10/26,TPT50K-1, Buy,3,29050.00,-2,0,0.25,MNQU6,MNQ,Micro E-mini NASDAQ-100,1.5
612050100352,612050100348,4399654,2026-09-10 14:11:36.271Z,2026-09-10,1,3,29090.0,true,3100441,612050100352,612050100348,09/10/2026 10:11:36,9/10/26,TPT50K-1, Sell,3,29090.00,-2,0,0.25,MNQU6,MNQ,Micro E-mini NASDAQ-100,1.5
612050100369,612050100360,4399610,2026-09-11 13:32:50.238Z,2026-09-11,0,1,7500.0,true,3100441,612050100369,612050100360,09/11/2026 09:32:50,9/11/26,TPT50K-1, Buy,1,7500.00,-2,0,0.25,MESU6,MES,Micro E-mini S&P 500,0.5
612050100381,612050100373,4399610,2026-09-11 13:36:12.017Z,2026-09-11,1,1,7490.0,true,3100441,612050100381,612050100373,09/11/2026 09:36:12,9/11/26,TPT50K-1, Sell,1,7490.00,-2,0,0.25,MESU6,MES,Micro E-mini S&P 500,0.5
612050100394,612050100390,4399654,2026-09-11 15:05:33.840Z,2026-09-11,1,2,29200.0,true,3100441,612050100394,612050100390,09/11/2026 11:05:33,9/11/26,TPT50K-1, Sell,2,29200.00,-2,0,0.25,MNQU6,MNQ,Micro E-mini NASDAQ-100,1.0
612050100411,612050100402,4399654,2026-09-11 15:22:47.291Z,2026-09-11,0,2,29180.0,true,3100441,612050100411,612050100402,09/11/2026 11:22:47,9/11/26,TPT50K-1, Buy,2,29180.00,-2,0,0.25,MNQU6,MNQ,Micro E-mini NASDAQ-100,1.0
612050100423,612050100415,4399654,2026-09-13 22:15:08.978Z,2026-09-14,0,1,29150.0,true,3100441,612050100423,612050100415,09/13/2026 18:15:08,9/14/26,TPT50K-1, Buy,1,29150.00,-2,0,0.25,MNQU6,MNQ,Micro E-mini NASDAQ-100,0.5
612050100436,612050100432,4399654,2026-09-13 22:40:51.397Z,2026-09-14,1,1,29175.0,true,3100441,612050100436,612050100432,09/13/2026 18:40:51,9/14/26,TPT50K-1, Sell,1,29175.00,-2,0,0.25,MNQU6,MNQ,Micro E-mini NASDAQ-100,0.5
612050100453,612050100444,4399610,2026-09-14 13:44:39.900Z,2026-09-14,1,1,7520.0,true,3100441,612050100453,612050100444,09/14/2026 09:44:39,9/14/26,TPT50K-1, Sell,1,7520.00,-2,0,0.25,MESU6,MES,Micro E-mini S&P 500,0.5
612050100465,612050100457,4399610,2026-09-14 13:58:02.511Z,2026-09-14,0,1,7525.0,true,3100441,612050100465,612050100457,09/14/2026 09:58:02,9/14/26,TPT50K-1, Buy,1,7525.00,-2,0,0.25,MESU6,MES,Micro E-mini S&P 500,0.5
612050100478,612050100474,4399654,2026-09-15 13:31:19.118Z,2026-09-15,1,1,29300.0,true,3100441,612050100478,612050100474,09/15/2026 09:31:19,9/15/26,TPT50K-1, Sell,1,29300.00,-2,0,0.25,MNQU6,MNQ,Micro E-mini NASDAQ-100,0.5
612050100495,612050100486,4399654,2026-09-15 13:49:45.577Z,2026-09-15,0,1,29237.5,true,3100441,612050100495,612050100486,09/15/2026 09:49:45,9/15/26,TPT50K-1, Buy,1,29237.50,-2,0,0.25,MNQU6,MNQ,Micro E-mini NASDAQ-100,0.5
612050100507,612050100499,4401187,2026-09-02 12:31:40.540Z,2026-09-02,0,1,4700.0,true,3100587,612050100507,612050100499,09/02/2026 08:31:40,9/2/26,MFFU50K-2, Buy,1,4700.0,-1,0,0.1,MGCZ6,MGC,E-Micro Gold,0.8
612050100520,612050100516,4401187,2026-09-02 12:55:12.191Z,2026-09-02,1,1,4712.5,true,3100587,612050100520,612050100516,09/02/2026 08:55:12,9/2/26,MFFU50K-2, Sell,1,4712.5,-1,0,0.1,MGCZ6,MGC,E-Micro Gold,0.8
612050100537,612050100528,4399654,2026-09-03 13:40:21.278Z,2026-09-03,1,2,28990.0,true,3100587,612050100537,612050100528,09/03/2026 09:40:21,9/3/26,MFFU50K-2, Sell,2,28990.00,-2,0,0.25,MNQU6,MNQ,Micro E-mini NASDAQ-100,1.0
612050100549,612050100541,4399654,2026-09-03 13:46:58.497Z,2026-09-03,0,2,29030.0,true,3100587,612050100549,612050100541,09/03/2026 09:46:58,9/3/26,MFFU50K-2, Buy,2,29030.00,-2,0,0.25,MNQU6,MNQ,Micro E-mini NASDAQ-100,1.0
612050100562,612050100558,4399601,2026-09-04 14:02:33.600Z,2026-09-04,1,1,7455.0,true,3100587,612050100562,612050100558,09/04/2026 10:02:33,9/4/26,MFFU50K-2, Sell,1,7455.00,-2,0,0.25,ESU6,ES,E-Mini S&P 500,1.75
612050100579,612050100570,4399601,2026-09-04 14:30:09.411Z,2026-09-04,0,1,7451.0,true,3100587,612050100579,612050100570,09/04/2026 10:30:09,9/4/26,MFFU50K-2, Buy,1,7451.00,-2,0,0.25,ESU6,ES,E-Mini S&P 500,1.75
612050100591,612050100583,4401187,2026-09-08 12:44:17.418Z,2026-09-08,1,2,4725.3,true,3100587,612050100591,612050100583,09/08/2026 08:44:17,9/8/26,MFFU50K-2, Sell,2,4725.3,-1,0,0.1,MGCZ6,MGC,E-Micro Gold,1.6
612050100604,612050100600,4401187,2026-09-08 13:03:52.677Z,2026-09-08,0,2,4731.3,true,3100587,612050100604,612050100600,09/08/2026 09:03:52,9/8/26,MFFU50K-2, Buy,2,4731.3,-1,0,0.1,MGCZ6,MGC,E-Micro Gold,1.6
612050100621,612050100612,4399654,2026-09-09 13:35:48.260Z,2026-09-09,0,2,29075.0,true,3100587,612050100621,612050100612,09/09/2026 09:35:48,9/9/26,MFFU50K-2, Buy,2,29075.00,-2,0,0.25,MNQU6,MNQ,Micro E-mini NASDAQ-100,1.0
612050100633,612050100625,4399654,2026-09-09 13:57:26.831Z,2026-09-09,1,2,29120.0,true,3100587,612050100633,612050100625,09/09/2026 09:57:26,9/9/26,MFFU50K-2, Sell,2,29120.00,-2,0,0.25,MNQU6,MNQ,Micro E-mini NASDAQ-100,1.0
612050100646,612050100642,4399601,2026-09-10 13:31:05.958Z,2026-09-10,0,2,7460.0,true,3100587,612050100646,612050100642,09/10/2026 09:31:05,9/10/26,MFFU50K-2, Buy,2,7460.00,-2,0,0.25,ESU6,ES,E-Mini S&P 500,3.5
612050100663,612050100654,4399601,2026-09-10 15:48:37.657Z,2026-09-10,1,2,7484.0,true,3100587,612050100663,612050100654,09/10/2026 11:48:37,9/10/26,MFFU50K-2, Sell,2,7484.00,-2,0,0.25,ESU6,ES,E-Mini S&P 500,3.5
612050100675,612050100667,4401187,2026-09-11 12:36:02.520Z,2026-09-11,0,1,4740.0,true,3100587,612050100675,612050100667,09/11/2026 08:36:02,9/11/26,MFFU50K-2, Buy,1,4740.0,-1,0,0.1,MGCZ6,MGC,E-Micro Gold,0.8
612050100688,612050100684,4401187,2026-09-11 12:41:19.451Z,2026-09-11,1,1,4735.0,true,3100587,612050100688,612050100684,09/11/2026 08:41:19,9/11/26,MFFU50K-2, Sell,1,4735.0,-1,0,0.1,MGCZ6,MGC,E-Micro Gold,0.8
612050100705,612050100696,4399654,2026-09-11 14:12:44.898Z,2026-09-11,0,1,29180.0,true,3100587,612050100705,612050100696,09/11/2026 10:12:44,9/11/26,MFFU50K-2, Buy,1,29180.00,-2,0,0.25,MNQU6,MNQ,Micro E-mini NASDAQ-100,0.5
612050100717,612050100709,4399654,2026-09-11 14:29:31.437Z,2026-09-11,1,1,29230.0,true,3100587,612050100717,612050100709,09/11/2026 10:29:31,9/11/26,MFFU50K-2, Sell,1,29230.00,-2,0,0.25,MNQU6,MNQ,Micro E-mini NASDAQ-100,0.5
612050100730,612050100726,4399601,2026-09-14 13:34:12.380Z,2026-09-14,0,1,7515.25,true,3100587,612050100730,612050100726,09/14/2026 09:34:12,9/14/26,MFFU50K-2, Buy,1,7515.25,-2,0,0.25,ESU6,ES,E-Mini S&P 500,1.75
612050100747,612050100738,4399601,2026-09-14 13:41:50.271Z,2026-09-14,1,1,7512.25,true,3100587,612050100747,612050100738,09/14/2026 09:41:50,9/14/26,MFFU50K-2, Sell,1,7512.25,-2,0,0.25,ESU6,ES,E-Mini S&P 500,1.75
612050100759,612050100751,4399654,2026-09-15 13:47:03.238Z,2026-09-15,1,1,29250.0,true,3100587,612050100759,612050100751,09/15/2026 09:47:03,9/15/26,MFFU50K-2, Sell,1,29250.00,-2,0,0.25,MNQU6,MNQ,Micro E-mini NASDAQ-100,0.5
612050100772,612050100768,4399654,2026-09-15 14:06:29.017Z,2026-09-15,0,1,29185.0,true,3100587,612050100772,612050100768,09/15/2026 10:06:29,9/15/26,MFFU50K-2, Buy,1,29185.00,-2,0,0.25,MNQU6,MNQ,Micro E-mini NASDAQ-100,0.5
