symbol,_priceFormat,_priceFormatType,_tickSize,buyFillId,sellFillId,qty,buyPrice,sellPrice,pnl,boughtTimestamp,soldTimestamp,duration
MNQU6,-2,0,0.25,612050100117,612050100129,2,28900.00,28950.00,$200.00,09/01/2026 09:35:12,09/01/2026 09:52:40,17min 28sec
MNQU6,-2,0,0.25,612050100159,612050100142,1,29010.00,28980.00,$(60.00),09/02/2026 09:47:31,09/02/2026 09:41:05,6min 26sec
MESU6,-2,0,0.25,612050100171,612050100184,2,7450.00,7446.50,$(35.00),09/02/2026 10:15:22,09/02/2026 10:31:09,15min 47sec
MNQU6,-2,0,0.25,612050100201,612050100213,1,28850.25,28890.25,$80.00,09/03/2026 09:38:44,09/03/2026 09:44:02,5min 18sec
MNQU6,-2,0,0.25,612050100201,612050100226,1,28850.25,28910.25,$120.00,09/03/2026 09:38:44,09/03/2026 10:02:17,23min 33sec
MNQU6,-2,0,0.25,612050100243,612050100255,1,29000.00,28975.00,$(50.00),09/04/2026 09:33:10,09/04/2026 09:40:55,7min 45sec
MNQU6,-2,0,0.25,612050100268,612050100255,1,28940.00,28975.00,$70.00,09/04/2026 09:58:30,09/04/2026 09:40:55,17min 35sec
MESU6,-2,0,0.25,612050100297,612050100285,3,7472.25,7480.00,$116.25,09/08/2026 10:20:48,09/08/2026 09:45:00,35min 48sec
MNQU6,-2,0,0.25,612050100310,612050100327,1,29100.00,29040.00,$(120.00),09/09/2026 09:36:27,09/09/2026 09:39:03,2min 36sec
MNQU6,-2,0,0.25,612050100339,612050100352,3,29050.00,29090.00,$240.00,09/10/2026 09:50:14,09/10/2026 10:11:36,21min 22sec
MESU6,-2,0,0.25,612050100369,612050100381,1,7500.00,7490.00,$(50.00),09/11/2026 09:32:50,09/11/2026 09:36:12,3min 22sec
MNQU6,-2,0,0.25,612050100411,612050100394,2,29180.00,29200.00,$80.00,09/11/2026 11:22:47,09/11/2026 11:05:33,17min 14sec
MNQU6,-2,0,0.25,612050100423,612050100436,1,29150.00,29175.00,$50.00,09/13/2026 18:15:08,09/13/2026 18:40:51,25min 43sec
MESU6,-2,0,0.25,612050100465,612050100453,1,7525.00,7520.00,$(25.00),09/14/2026 09:58:02,09/14/2026 09:44:39,13min 23sec
MNQU6,-2,0,0.25,612050100495,612050100478,1,29237.50,29300.00,$125.00,09/15/2026 09:49:45,09/15/2026 09:31:19,18min 26sec
